IDITEM_PRINTER;IDITEM_SUPPLY
50079096;50093943
50263043;50093943
50072322;50093943
50072324;50093943
50072325;50093943
50132031;50093943
50117249;50093943
50155258;50093943
50183507;50093943
50188276;50093943
40076785;50093943
40081702;50093943
40079995;50093943
40077314;50093943
40073564;50093943
40089492;50093943
40091889;50093943
40091984;50093943
50072328;50093943
40079240;50093943
50117434;50101437
40067639;50101437
40064096;50101437
40064036;50101437
50191125;50101437
40065307;50101437
40087483;50101437
40071124;50101437
50079096;50074205
50263043;50074205
50072322;50074205
50072324;50074205
50072325;50074205
50132031;50074205
50117249;50074205
50155258;50074205
50183507;50074205
50188276;50074205
40076785;50074205
40081702;50074205
40079995;50074205
40077314;50074205
40073564;50074205
40089492;50074205
40091889;50074205
40091984;50074205
50072328;50074205
40079240;50074205
50079096;50074207
50263043;50074207
50072322;50074207
50072324;50074207
50072325;50074207
50132031;50074207
50117249;50074207
50155258;50074207
50183507;50074207
50188276;50074207
40076785;50074207
40081702;50074207
40079995;50074207
40077314;50074207
40073564;50074207
40089492;50074207
40091889;50074207
40091984;50074207
50072328;50074207
40079240;50074207
50177197;50282638
40067640;50282638
40067641;50282638
40067642;50282638
40073105;50282638
40064027;50282638
40064037;50282638
40064038;50282638
40064039;50282638
40068414;50282638
40068415;50282638
40078492;50282638
40087947;50282638
40071125;50282638
40071126;50282638
50158107;50071371
50112497;50071371
50152464;50071371
50187027;50071371
50169401;50071371
40067773;50071371
40067778;50071371
40073164;50071371
40071129;50071371
40091305;50071371
40064032;50071371
40064033;50071371
40064040;50071371
40064041;50071371
40063833;50071371
40065304;50071371
40065305;50071371
40065306;50071371
40074498;50071371
40067764;50071371
40067765;50071371
40067766;50071371
50078532;50071371
50135007;50071371
40067772;50071371
40071128;50071371
40065309;50071371
40065310;50071371
40067763;50071371
40071124;50071371
50106503;50071371
40083915;50071371
40071122;50071371
40071123;50071371
40071127;50071371
50072459;50074202
50292839;50074202
40070802;50074202
40073163;50074202
40071663;50074202
40098921;50074202
40071131;50074202
40069123;50074202
40071125;50074202
40071126;50074202
50079096;50074203
50263043;50074203
50072322;50074203
50072324;50074203
50072325;50074203
50132031;50074203
50117249;50074203
50155258;50074203
50183507;50074203
50188276;50074203
40076785;50074203
40081702;50074203
40079995;50074203
40077314;50074203
40073564;50074203
40089492;50074203
40091889;50074203
40091984;50074203
50072328;50074203
40079240;50074203
50079096;50074204
50263043;50074204
50072322;50074204
50072324;50074204
50072325;50074204
50132031;50074204
50117249;50074204
50155258;50074204
50183507;50074204
50188276;50074204
40076785;50074204
40081702;50074204
40079995;50074204
40077314;50074204
40073564;50074204
40089492;50074204
40091889;50074204
40091984;50074204
50072328;50074204
40079240;50074204
50079096;50074206
50263043;50074206
50072322;50074206
50072324;50074206
50072325;50074206
50132031;50074206
50117249;50074206
50155258;50074206
50183507;50074206
50188276;50074206
40076785;50074206
40081702;50074206
40079995;50074206
40077314;50074206
40073564;50074206
40089492;50074206
40091889;50074206
40091984;50074206
50072328;50074206
40079240;50074206
50280737;50074176
40067637;50074176
40063834;50074176
40068383;50074176
40068384;50074176
50177197;50074176
40067640;50074176
40067641;50074176
40067642;50074176
40073105;50074176
40064027;50074176
40064037;50074176
40064038;50074176
40064039;50074176
50189372;50074176
50295613;50074176
50210052;50074176
40067638;50074176
40064034;50074176
40064035;50074176
40068963;50074176
50072459;50074176
50292839;50074176
40070802;50074176
40073163;50074176
40071663;50074176
40098921;50074176
40071131;50074176
40069123;50074176
40071125;50074176
40071126;50074176
50079096;50074214
50263043;50074214
50072322;50074214
50072324;50074214
50072325;50074214
50132031;50074214
50117249;50074214
50155258;50074214
50183507;50074214
50188276;50074214
40076785;50074214
40081702;50074214
40079995;50074214
40077314;50074214
40073564;50074214
40089492;50074214
40091889;50074214
40091984;50074214
50072328;50074214
40079240;50074214
50280737;50074202
40067637;50074202
40063834;50074202
40068383;50074202
40068384;50074202
50177197;50074202
40067640;50074202
40067641;50074202
40067642;50074202
40073105;50074202
40064027;50074202
40064037;50074202
40064038;50074202
40064039;50074202
40068414;50074202
40068415;50074202
40078492;50074202
40087947;50074202
40068963;50074202
50079096;50060064
50263043;50060064
50072322;50060064
50072324;50060064
50072325;50060064
50132031;50060064
50117249;50060064
50155258;50060064
50183507;50060064
50188276;50060064
40076785;50060064
40081702;50060064
40079995;50060064
40077314;50060064
40073564;50060064
40089492;50060064
40091889;50060064
40091984;50060064
50072328;50060064
40079240;50060064
50098301;50091097
50100731;50091097
50115785;50091097
50084221;50091097
50084222;50091097
50130884;50091097
50147769;50091097
50184262;50091097
50475885;50091097
50470172;50091097
50139435;50091097
50161411;50091097
50166327;50091097
50170859;50091097
50079570;50091097
40096009;50091097
40078460;50091097
40064402;50091097
40073165;50091097
40079047;50091097
40064793;50091097
40073169;50091097
40073170;50091097
40073171;50091097
40073172;50091097
40073311;50091097
40069622;50091097
40069623;50091097
40069624;50091097
40073798;50091097
40085199;50091097
40081226;50091097
40093887;50091097
40091311;50091097
40069119;50091097
40069120;50091097
40063836;50091097
40063837;50091097
40071472;50091097
40074310;50091097
40067767;50091097
40067768;50091097
40067769;50091097
50158107;50066059
50112497;50066059
50152464;50066059
50187027;50066059
50169401;50066059
40067773;50066059
40067778;50066059
40073164;50066059
40071129;50066059
40091305;50066059
40064032;50066059
40064033;50066059
40064040;50066059
40064041;50066059
40063833;50066059
40065304;50066059
40065305;50066059
40065306;50066059
40074498;50066059
40067764;50066059
40067765;50066059
40067766;50066059
50078532;50066059
50135007;50066059
40067772;50066059
40071128;50066059
40065309;50066059
40065310;50066059
40067763;50066059
40071124;50066059
50106503;50066059
40083915;50066059
40071122;50066059
40071123;50066059
40071127;50066059
50209711;50062063
50144701;50062063
50150662;50062063
50190684;50062063
50171055;50062063
40009674;50062063
40009690;50062063
40009919;50062063
40009920;50062063
40009658;50062063
40009659;50062063
40009660;50062063
40057073;50062063
40057074;50062063
40057075;50062063
40059972;50062063
40057274;50062063
40057275;50062063
40057277;50062063
40057278;50062063
40055207;50062063
40055208;50062063
40057279;50062063
40057540;50062063
40057541;50062063
40060076;50062063
40060077;50062063
40057039;50062063
40057040;50062063
40057041;50062063
40057042;50062063
40061060;50062063
40055264;50062063
40056056;50062063
40057056;50062063
40057057;50062063
40057058;50062063
40055423;50062063
40047805;50062063
40047806;50062063
40059932;50062063
40056329;50062063
40054036;50062063
40061862;50062063
40058392;50062063
40060539;50062063
40057666;50062063
40063017;50062063
50078532;50246119
50135007;50246119
40067772;50246119
40071128;50246119
40065309;50246119
40065310;50246119
40067763;50246119
50158107;50246119
50112497;50246119
50152464;50246119
50187027;50246119
50169401;50246119
40067773;50246119
40067778;50246119
40073164;50246119
40071129;50246119
40091305;50246119
40064032;50246119
40064033;50246119
40064040;50246119
40064041;50246119
40063833;50246119
40065304;50246119
40065305;50246119
40065306;50246119
40074498;50246119
40067764;50246119
40067765;50246119
40067766;50246119
50106503;50246119
40083915;50246119
40071122;50246119
40071123;50246119
40071124;50246119
40071127;50246119
50079096;50135148
50263043;50135148
50072322;50135148
50072324;50135148
50072325;50135148
50132031;50135148
50117249;50135148
50155258;50135148
50183507;50135148
50188276;50135148
40076785;50135148
40081702;50135148
40079995;50135148
40077314;50135148
40073564;50135148
40089492;50135148
40091889;50135148
40091984;50135148
50072328;50135148
40079240;50135148
50173750;50152492
40054017;50152492
40059922;50152492
40059698;50152492
40058388;50152492
40059694;50152492
40059695;50152492
50107295;50152492
40054978;50152492
40056448;50152492
40056449;50152492
40056450;50152492
40056997;50152492
40058212;50152492
40056536;50152492
40059924;50152492
40058098;50152492
40058099;50152492
40058100;50152492
40073102;50152492
40062093;50152492
40060682;50152492
50284611;50152492
40060842;50152492
40060843;50152492
40062092;50152492
50078532;50273086
50135007;50273086
40067772;50273086
40071128;50273086
40065309;50273086
40065310;50273086
40067763;50273086
50158107;50273086
50112497;50273086
50152464;50273086
50187027;50273086
50169401;50273086
40067773;50273086
40067778;50273086
40073164;50273086
40071129;50273086
40091305;50273086
40064032;50273086
40064033;50273086
40064040;50273086
40064041;50273086
40063833;50273086
40065304;50273086
40065305;50273086
40065306;50273086
40074498;50273086
40067764;50273086
40067765;50273086
40067766;50273086
50117434;50273086
40067639;50273086
40064096;50273086
40064036;50273086
50106503;50273086
40083915;50273086
40071122;50273086
40071123;50273086
40071124;50273086
40071127;50273086
50191125;50273086
40065307;50273086
40087483;50273086
50158107;50161143
50112497;50161143
50152464;50161143
50187027;50161143
50169401;50161143
40067773;50161143
40067778;50161143
40073164;50161143
40071129;50161143
40091305;50161143
40064032;50161143
40064033;50161143
40064040;50161143
40064041;50161143
40063833;50161143
40065304;50161143
40065305;50161143
40065306;50161143
40074498;50161143
40067764;50161143
40067765;50161143
40067766;50161143
50117434;50161143
40067639;50161143
40064096;50161143
40064036;50161143
50191125;50161143
40065307;50161143
40087483;50161143
50078532;50161143
50135007;50161143
40067772;50161143
40071128;50161143
40065309;50161143
40065310;50161143
40067763;50161143
40071124;50161143
50106503;50161143
40083915;50161143
40071122;50161143
40071123;50161143
40071127;50161143
50173750;50165084
40054017;50165084
40059922;50165084
40059698;50165084
40058388;50165084
40059694;50165084
40059695;50165084
50107295;50165084
40054978;50165084
40056448;50165084
40056449;50165084
40056450;50165084
40056997;50165084
40058212;50165084
40056536;50165084
40059924;50165084
40058098;50165084
40058099;50165084
40058100;50165084
40073102;50165084
40062093;50165084
40060682;50165084
50284611;50165084
40060842;50165084
40060843;50165084
40062092;50165084
50129190;50165084
40059923;50165084
40063183;50165084
40061988;50165084
40061991;50165084
40061992;50165084
40062736;50165084
40062094;50165084
40062095;50165084
40071125;50041345
40071126;50041345
40071124;50259095
50158107;50259095
50112497;50259095
50152464;50259095
50187027;50259095
50169401;50259095
40067773;50259095
40067778;50259095
40073164;50259095
40071129;50259095
40091305;50259095
40064032;50259095
40064033;50259095
40064040;50259095
40064041;50259095
40063833;50259095
40065304;50259095
40065305;50259095
40065306;50259095
40074498;50259095
40067764;50259095
40067765;50259095
40067766;50259095
40071127;50259095
50106503;50259095
40083915;50259095
40071122;50259095
40071123;50259095
50078532;50259095
50135007;50259095
40067772;50259095
40071128;50259095
40065309;50259095
40065310;50259095
40067763;50259095
40071125;50041343
40071126;50041343
50072328;50284022
40079240;50284022
50079096;50284022
50263043;50284022
50072322;50284022
50072324;50284022
50072325;50284022
50132031;50284022
50117249;50284022
50155258;50284022
50183507;50284022
50188276;50284022
40076785;50284022
40081702;50284022
40079995;50284022
40077314;50284022
40073564;50284022
40089492;50284022
40091889;50284022
40091984;50284022
50079096;50053817
50263043;50053817
50072322;50053817
50072324;50053817
50072325;50053817
50132031;50053817
50117249;50053817
50155258;50053817
50183507;50053817
50188276;50053817
40076785;50053817
40081702;50053817
40079995;50053817
40077314;50053817
40073564;50053817
40089492;50053817
40091889;50053817
40091984;50053817
50072328;50053817
40079240;50053817
50158107;50050865
50112497;50050865
50152464;50050865
50187027;50050865
50169401;50050865
40067773;50050865
40067778;50050865
40073164;50050865
40071129;50050865
40091305;50050865
40064032;50050865
40064033;50050865
40064040;50050865
40064041;50050865
40063833;50050865
40065304;50050865
40065305;50050865
40065306;50050865
40074498;50050865
40067764;50050865
40067765;50050865
40067766;50050865
50078532;50050865
50135007;50050865
40067772;50050865
40071128;50050865
40065309;50050865
40065310;50050865
40067763;50050865
40071124;50050865
50106503;50050865
40083915;50050865
40071122;50050865
40071123;50050865
40071127;50050865
50079096;50050848
50263043;50050848
50072322;50050848
50072324;50050848
50072325;50050848
50132031;50050848
50117249;50050848
50155258;50050848
50183507;50050848
50188276;50050848
40076785;50050848
40081702;50050848
40079995;50050848
40077314;50050848
40073564;50050848
40089492;50050848
40091889;50050848
40091984;50050848
50072328;50050848
40079240;50050848
50158107;50051035
50112497;50051035
50152464;50051035
50187027;50051035
50169401;50051035
40067773;50051035
40067778;50051035
40073164;50051035
40071129;50051035
40091305;50051035
40064032;50051035
40064033;50051035
40064040;50051035
40064041;50051035
40063833;50051035
40065304;50051035
40065305;50051035
40065306;50051035
40074498;50051035
40067764;50051035
40067765;50051035
40067766;50051035
50117434;50051035
40067639;50051035
40064096;50051035
40064036;50051035
50191125;50051035
40065307;50051035
40087483;50051035
40071124;50051035
40071123;50051035
50079096;50058009
50263043;50058009
50072322;50058009
50072324;50058009
50072325;50058009
50132031;50058009
50117249;50058009
50155258;50058009
50183507;50058009
50188276;50058009
40076785;50058009
40081702;50058009
40079995;50058009
40077314;50058009
40073564;50058009
40089492;50058009
40091889;50058009
40091984;50058009
50072328;50058009
40079240;50058009
50079096;50054804
50263043;50054804
50072322;50054804
50072324;50054804
50072325;50054804
50132031;50054804
50117249;50054804
50155258;50054804
50183507;50054804
50188276;50054804
40076785;50054804
40081702;50054804
40079995;50054804
40077314;50054804
40073564;50054804
40089492;50054804
40091889;50054804
40091984;50054804
50072328;50054804
40079240;50054804
50173750;50014516
40054017;50014516
40059922;50014516
40059698;50014516
40058388;50014516
40059694;50014516
40059695;50014516
50107295;50014516
40054978;50014516
40056448;50014516
40056449;50014516
40056450;50014516
40056997;50014516
40058212;50014516
40056536;50014516
40059924;50014516
40058098;50014516
40058099;50014516
40058100;50014516
40073102;50014516
40062093;50014516
40060682;50014516
50284611;50014516
40060842;50014516
40060843;50014516
40062092;50014516
50098301;50030979
50100731;50030979
50115785;50030979
50084221;50030979
50084222;50030979
50130884;50030979
50147769;50030979
50184262;50030979
50475885;50030979
50470172;50030979
50139435;50030979
50161411;50030979
50166327;50030979
50170859;50030979
50079570;50030979
40096009;50030979
40078460;50030979
40064402;50030979
40073165;50030979
40079047;50030979
40064793;50030979
40073169;50030979
40073170;50030979
40073171;50030979
40073172;50030979
40073311;50030979
40069622;50030979
40069623;50030979
40069624;50030979
40073798;50030979
40085199;50030979
40081226;50030979
40093887;50030979
40091311;50030979
40069119;50030979
40069120;50030979
40063836;50030979
40063837;50030979
40071472;50030979
40074310;50030979
40067767;50030979
40067768;50030979
40067769;50030979
50106363;50030980
50136504;50030980
50146640;50030980
50133237;50030980
50128134;50030980
50152926;50030980
50197540;50030980
50087135;50030980
50087136;50030980
40060440;50030980
40060441;50030980
40060442;50030980
40060443;50030980
40060444;50030980
40060445;50030980
40068887;50030980
40068888;50030980
40068890;50030980
40068893;50030980
40063526;50030980
40066996;50030980
40066997;50030980
40061378;50030980
40061379;50030980
40064207;50030980
40064208;50030980
40068882;50030980
40062181;50030980
50117434;50027529
40067639;50027529
40064096;50027529
40064036;50027529
50191125;50027529
40065307;50027529
40087483;50027529
40071124;50027529
50173750;50028832
40054017;50028832
40059922;50028832
40059698;50028832
40058388;50028832
40059694;50028832
40059695;50028832
50107295;50028832
40054978;50028832
40056448;50028832
40056449;50028832
40056450;50028832
40056997;50028832
40058212;50028832
40056536;50028832
40059924;50028832
40058098;50028832
40058099;50028832
40058100;50028832
40073102;50028832
40062093;50028832
50142102;50028832
40061377;50028832
40061987;50028832
40067966;50028832
40059614;50028832
40060682;50028832
50284611;50028832
40060842;50028832
40060843;50028832
40062092;50028832
50129190;50028832
40059923;50028832
40063183;50028832
40061988;50028832
40061991;50028832
40061992;50028832
40062736;50028832
40062094;50028832
40062095;50028832
50173750;50026470
40054017;50026470
40059922;50026470
40059698;50026470
40058388;50026470
40059694;50026470
40059695;50026470
50107295;50026470
40054978;50026470
40056448;50026470
40056449;50026470
40056450;50026470
40056997;50026470
40058212;50026470
40056536;50026470
40059924;50026470
40058098;50026470
40058099;50026470
40058100;50026470
40073102;50026470
40062093;50026470
50142102;50026470
40061377;50026470
40061987;50026470
40067966;50026470
40059614;50026470
40060682;50026470
50284611;50026470
40060842;50026470
40060843;50026470
40062092;50026470
50129190;50026470
40059923;50026470
40063183;50026470
40061988;50026470
40061991;50026470
40061992;50026470
40062736;50026470
40062094;50026470
40062095;50026470
50280737;50027095
40067637;50027095
40063834;50027095
40068383;50027095
40068384;50027095
50177197;50027095
40067640;50027095
40067641;50027095
40067642;50027095
40073105;50027095
40064027;50027095
40064037;50027095
40064038;50027095
40064039;50027095
50189372;50027095
50295613;50027095
50210052;50027095
40067638;50027095
40064034;50027095
40064035;50027095
40068963;50027095
50072459;50027095
50292839;50027095
40070802;50027095
40073163;50027095
40071663;50027095
40098921;50027095
40071131;50027095
40069123;50027095
40071125;50027095
40071126;50027095
50280737;50027096
40067637;50027096
40063834;50027096
40068383;50027096
40068384;50027096
50177197;50027096
40067640;50027096
40067641;50027096
40067642;50027096
40073105;50027096
40064027;50027096
40064037;50027096
40064038;50027096
40064039;50027096
40068414;50027096
40068415;50027096
40078492;50027096
40087947;50027096
40068963;50027096
50072459;50027096
50292839;50027096
40070802;50027096
40073163;50027096
40071663;50027096
40098921;50027096
40071131;50027096
40069123;50027096
40071125;50027096
40071126;50027096
50158107;50027094
50112497;50027094
50152464;50027094
50187027;50027094
50169401;50027094
40067773;50027094
40067778;50027094
40073164;50027094
40071129;50027094
40091305;50027094
40064032;50027094
40064033;50027094
40064040;50027094
40064041;50027094
40063833;50027094
40065304;50027094
40065305;50027094
40065306;50027094
40074498;50027094
40067764;50027094
40067765;50027094
40067766;50027094
50078532;50027094
50135007;50027094
40067772;50027094
40071128;50027094
40065309;50027094
40065310;50027094
40067763;50027094
40071124;50027094
50106503;50027094
40083915;50027094
40071122;50027094
40071123;50027094
40071127;50027094
50158107;50027092
50112497;50027092
50152464;50027092
50187027;50027092
50169401;50027092
40067773;50027092
40067778;50027092
40073164;50027092
40071129;50027092
40091305;50027092
40064032;50027092
40064033;50027092
40064040;50027092
40064041;50027092
40063833;50027092
40065304;50027092
40065305;50027092
40065306;50027092
40074498;50027092
40067764;50027092
40067765;50027092
40067766;50027092
50117434;50027092
40067639;50027092
40064096;50027092
40064036;50027092
50191125;50027092
40065307;50027092
40087483;50027092
50078532;50027092
50135007;50027092
40067772;50027092
40071128;50027092
40065309;50027092
40065310;50027092
40067763;50027092
40071124;50027092
50106503;50027092
40083915;50027092
40071122;50027092
40071123;50027092
40071127;50027092
50177197;50027409
40067640;50027409
40067641;50027409
40067642;50027409
40073105;50027409
40064027;50027409
40064037;50027409
40064038;50027409
40064039;50027409
40068414;50027409
40068415;50027409
40078492;50027409
40087947;50027409
40071125;50027409
40071126;50027409
50158107;50027093
50112497;50027093
50152464;50027093
50187027;50027093
50169401;50027093
40067773;50027093
40067778;50027093
40073164;50027093
40071129;50027093
40091305;50027093
40064032;50027093
40064033;50027093
40064040;50027093
40064041;50027093
40063833;50027093
40065304;50027093
40065305;50027093
40065306;50027093
40074498;50027093
40067764;50027093
40067765;50027093
40067766;50027093
50117434;50027093
40067639;50027093
40064096;50027093
40064036;50027093
50191125;50027093
40065307;50027093
40087483;50027093
50078532;50027093
50135007;50027093
40067772;50027093
40071128;50027093
40065309;50027093
40065310;50027093
40067763;50027093
40071124;50027093
50106503;50027093
40083915;50027093
40071122;50027093
40071123;50027093
40071127;50027093
50158107;50027091
50112497;50027091
50152464;50027091
50187027;50027091
50169401;50027091
40067773;50027091
40067778;50027091
40073164;50027091
40071129;50027091
40091305;50027091
40064032;50027091
40064033;50027091
40064040;50027091
40064041;50027091
40063833;50027091
40065304;50027091
40065305;50027091
40065306;50027091
40074498;50027091
40067764;50027091
40067765;50027091
40067766;50027091
50117434;50027091
40067639;50027091
40064096;50027091
40064036;50027091
50191125;50027091
40065307;50027091
40087483;50027091
50078532;50027091
50135007;50027091
40067772;50027091
40071128;50027091
40065309;50027091
40065310;50027091
40067763;50027091
40071124;50027091
50106503;50027091
40083915;50027091
40071122;50027091
40071123;50027091
40071127;50027091
50117434;50027530
40067639;50027530
40064096;50027530
40064036;50027530
50191125;50027530
40065307;50027530
40087483;50027530
40071124;50027530
50145483;50020943
40060428;50020943
40060429;50020943
40058919;50020943
40058920;50020943
40060963;50020943
40061863;50020943
40058387;50020943
40069121;50020943
40069122;50020943
40064949;50020943
40064950;50020943
50145483;50017956
40060428;50017956
40060429;50017956
40058919;50017956
40058920;50017956
40060963;50017956
40061863;50017956
40058387;50017956
40069121;50017956
40069122;50017956
40064949;50017956
40064950;50017956
50173750;50019852
40054017;50019852
40059922;50019852
40059698;50019852
40058388;50019852
40059694;50019852
40059695;50019852
50107295;50019852
40054978;50019852
40056448;50019852
40056449;50019852
40056450;50019852
40056997;50019852
40058212;50019852
40056536;50019852
40059924;50019852
40058098;50019852
40058099;50019852
40058100;50019852
40073102;50019852
40062093;50019852
50142102;50019852
40061377;50019852
40061987;50019852
40067966;50019852
40059614;50019852
40060682;50019852
50284611;50019852
40060842;50019852
40060843;50019852
40062092;50019852
50129190;50019852
40059923;50019852
40063183;50019852
40061988;50019852
40061991;50019852
40061992;50019852
40062736;50019852
40062094;50019852
40062095;50019852
50209711;50034729
50144701;50034729
50150662;50034729
50190684;50034729
50171055;50034729
40009674;50034729
40009690;50034729
40009919;50034729
40009920;50034729
40009658;50034729
40009659;50034729
40009660;50034729
40057073;50034729
40057074;50034729
40057075;50034729
40059972;50034729
40057274;50034729
40057275;50034729
40057277;50034729
40057278;50034729
40055207;50034729
40055208;50034729
40057279;50034729
40057540;50034729
40057541;50034729
40060076;50034729
40060077;50034729
40057039;50034729
40057040;50034729
40057041;50034729
40057042;50034729
40061060;50034729
40055264;50034729
40056056;50034729
40057056;50034729
40057057;50034729
40057058;50034729
40055423;50034729
40047805;50034729
40047806;50034729
40059932;50034729
40056329;50034729
40054036;50034729
40061862;50034729
40058392;50034729
40060539;50034729
40057666;50034729
40063017;50034729
50145483;50035656
40060428;50035656
40060429;50035656
40058919;50035656
40058920;50035656
40060963;50035656
40061863;50035656
40058387;50035656
40069121;50035656
40069122;50035656
40064949;50035656
40064950;50035656
50173750;50019850
40054017;50019850
40059922;50019850
40059698;50019850
40058388;50019850
40059694;50019850
40059695;50019850
50107295;50019850
40054978;50019850
40056448;50019850
40056449;50019850
40056450;50019850
40056997;50019850
40058212;50019850
40056536;50019850
40059924;50019850
40058098;50019850
40058099;50019850
40058100;50019850
40073102;50019850
40062093;50019850
40060682;50019850
50284611;50019850
40060842;50019850
40060843;50019850
40062092;50019850
50129190;50019850
40059923;50019850
40063183;50019850
40061988;50019850
40061991;50019850
40061992;50019850
40062736;50019850
40062094;50019850
40062095;50019850
50173750;50019853
40054017;50019853
40059922;50019853
40059698;50019853
40058388;50019853
40059694;50019853
40059695;50019853
50107295;50019853
40054978;50019853
40056448;50019853
40056449;50019853
40056450;50019853
40056997;50019853
40058212;50019853
40056536;50019853
40059924;50019853
40058098;50019853
40058099;50019853
40058100;50019853
40073102;50019853
40062093;50019853
50142102;50019853
40061377;50019853
40061987;50019853
40067966;50019853
40059614;50019853
40060682;50019853
50284611;50019853
40060842;50019853
40060843;50019853
40062092;50019853
50129190;50019853
40059923;50019853
40063183;50019853
40061988;50019853
40061991;50019853
40061992;50019853
40062736;50019853
40062094;50019853
40062095;50019853
50106363;50020207
50136504;50020207
50146640;50020207
50133237;50020207
50128134;50020207
50152926;50020207
50197540;50020207
50087135;50020207
50087136;50020207
40060440;50020207
40060441;50020207
40060442;50020207
40060443;50020207
40060444;50020207
40060445;50020207
40068887;50020207
40068888;50020207
40068890;50020207
40068893;50020207
40063526;50020207
40066996;50020207
40066997;50020207
40061378;50020207
40061379;50020207
40064207;50020207
40064208;50020207
40068882;50020207
40062181;50020207
50173750;50019851
40054017;50019851
40059922;50019851
40059698;50019851
40058388;50019851
40059694;50019851
40059695;50019851
50107295;50019851
40054978;50019851
40056448;50019851
40056449;50019851
40056450;50019851
40056997;50019851
40058212;50019851
40056536;50019851
40059924;50019851
40058098;50019851
40058099;50019851
40058100;50019851
40073102;50019851
40062093;50019851
50142102;50019851
40061377;50019851
40061987;50019851
40067966;50019851
40059614;50019851
40060682;50019851
50284611;50019851
40060842;50019851
40060843;50019851
40062092;50019851
50129190;50019851
40059923;50019851
40063183;50019851
40061988;50019851
40061991;50019851
40061992;50019851
40062736;50019851
40062094;50019851
40062095;50019851
50145483;50028593
40060428;50028593
40060429;50028593
40058919;50028593
40058920;50028593
40060963;50028593
40061863;50028593
40058387;50028593
40069121;50028593
40069122;50028593
40064949;50028593
40064950;50028593
50158107;50033211
50112497;50033211
50152464;50033211
50187027;50033211
50169401;50033211
40067773;50033211
40067778;50033211
40073164;50033211
40071129;50033211
40091305;50033211
40064032;50033211
40064033;50033211
40064040;50033211
40064041;50033211
40063833;50033211
40065304;50033211
40065305;50033211
40065306;50033211
40074498;50033211
40067764;50033211
40067765;50033211
40067766;50033211
50117434;50033211
40067639;50033211
40064096;50033211
40064036;50033211
50191125;50033211
40065307;50033211
40087483;50033211
40071124;50033211
40071123;50033211
50280737;50033210
40067637;50033210
40063834;50033210
40068383;50033210
40068384;50033210
50177197;50033210
40067640;50033210
40067641;50033210
40067642;50033210
40073105;50033210
40064027;50033210
40064037;50033210
40064038;50033210
40064039;50033210
50189372;50033210
50295613;50033210
50210052;50033210
40067638;50033210
40064034;50033210
40064035;50033210
40068963;50033210
50072459;50033210
50292839;50033210
40070802;50033210
40073163;50033210
40071663;50033210
40098921;50033210
40071131;50033210
40069123;50033210
40071125;50033210
40071126;50033210
50158107;50027090
50112497;50027090
50152464;50027090
50187027;50027090
50169401;50027090
40067773;50027090
40067778;50027090
40073164;50027090
40071129;50027090
40091305;50027090
40064032;50027090
40064033;50027090
40064040;50027090
40064041;50027090
40063833;50027090
40065304;50027090
40065305;50027090
40065306;50027090
40074498;50027090
40067764;50027090
40067765;50027090
40067766;50027090
50117434;50027090
40067639;50027090
40064096;50027090
40064036;50027090
50191125;50027090
40065307;50027090
40087483;50027090
40071124;50027090
40071123;50027090
50145483;50023767
40060428;50023767
40060429;50023767
40058919;50023767
40058920;50023767
40060963;50023767
40061863;50023767
40058387;50023767
40069121;50023767
40069122;50023767
40064949;50023767
40064950;50023767
50098301;50027097
50100731;50027097
50115785;50027097
50084221;50027097
50084222;50027097
50130884;50027097
50147769;50027097
50184262;50027097
50475885;50027097
50470172;50027097
50139435;50027097
50161411;50027097
50166327;50027097
50170859;50027097
50079570;50027097
40096009;50027097
40078460;50027097
40064402;50027097
40073165;50027097
40079047;50027097
40064793;50027097
40073169;50027097
40073170;50027097
40073171;50027097
40073172;50027097
40073311;50027097
40069622;50027097
40069623;50027097
40069624;50027097
40073798;50027097
40085199;50027097
40081226;50027097
40093887;50027097
40091311;50027097
40069119;50027097
40069120;50027097
40063836;50027097
40063837;50027097
40071472;50027097
40074310;50027097
40067767;50027097
40067768;50027097
40067769;50027097
50158107;50049655
50112497;50049655
50152464;50049655
50187027;50049655
50169401;50049655
40067773;50049655
40067778;50049655
40073164;50049655
40071129;50049655
40091305;50049655
40064032;50049655
40064033;50049655
40064040;50049655
40064041;50049655
40063833;50049655
40065304;50049655
40065305;50049655
40065306;50049655
40074498;50049655
40067764;50049655
40067765;50049655
40067766;50049655
50117434;50049655
40067639;50049655
40064096;50049655
40064036;50049655
50191125;50049655
40065307;50049655
40087483;50049655
50078532;50049655
50135007;50049655
40067772;50049655
40071128;50049655
40065309;50049655
40065310;50049655
40067763;50049655
40071124;50049655
50106503;50049655
40083915;50049655
40071122;50049655
40071123;50049655
40071127;50049655
50079096;50048616
50263043;50048616
50072322;50048616
50072324;50048616
50072325;50048616
50132031;50048616
50117249;50048616
50155258;50048616
50183507;50048616
50188276;50048616
40076785;50048616
40081702;50048616
40079995;50048616
40077314;50048616
40073564;50048616
40089492;50048616
40091889;50048616
40091984;50048616
50072328;50048616
40079240;50048616
50158107;50043546
50112497;50043546
50152464;50043546
50187027;50043546
50169401;50043546
40067773;50043546
40067778;50043546
40073164;50043546
40071129;50043546
40091305;50043546
40064032;50043546
40064033;50043546
40064040;50043546
40064041;50043546
40063833;50043546
40065304;50043546
40065305;50043546
40065306;50043546
40074498;50043546
40067764;50043546
40067765;50043546
40067766;50043546
50117434;50043546
40067639;50043546
40064096;50043546
40064036;50043546
50191125;50043546
40065307;50043546
40087483;50043546
40071124;50043546
40071123;50043546
40071127;50043549
50117434;50043550
40067639;50043550
40064096;50043550
40064036;50043550
50191125;50043550
40065307;50043550
40087483;50043550
40071124;50043550
50158107;50043547
50112497;50043547
50152464;50043547
50187027;50043547
50169401;50043547
40067773;50043547
40067778;50043547
40073164;50043547
40071129;50043547
40091305;50043547
40064032;50043547
40064033;50043547
40064040;50043547
40064041;50043547
40063833;50043547
40065304;50043547
40065305;50043547
40065306;50043547
40074498;50043547
40067764;50043547
40067765;50043547
40067766;50043547
50117434;50043547
40067639;50043547
40064096;50043547
40064036;50043547
50191125;50043547
40065307;50043547
40087483;50043547
50078532;50043547
50135007;50043547
40067772;50043547
40071128;50043547
40065309;50043547
40065310;50043547
40067763;50043547
40071124;50043547
50106503;50043547
40083915;50043547
40071122;50043547
40071123;50043547
40071127;50043547
50117434;50043551
40067639;50043551
40064096;50043551
40064036;50043551
50191125;50043551
40065307;50043551
40087483;50043551
40071124;50043551
50158107;50036943
50112497;50036943
50152464;50036943
50187027;50036943
50169401;50036943
40067773;50036943
40067778;50036943
40073164;50036943
40071129;50036943
40091305;50036943
40064032;50036943
40064033;50036943
40064040;50036943
40064041;50036943
40063833;50036943
40065304;50036943
40065305;50036943
40065306;50036943
40074498;50036943
40067764;50036943
40067765;50036943
40067766;50036943
50078532;50036943
50135007;50036943
40067772;50036943
40071128;50036943
40065309;50036943
40065310;50036943
40067763;50036943
40071124;50036943
50106503;50036943
40083915;50036943
40071122;50036943
40071123;50036943
40071127;50036943
50158107;50036944
50112497;50036944
50152464;50036944
50187027;50036944
50169401;50036944
40067773;50036944
40067778;50036944
40073164;50036944
40071129;50036944
40091305;50036944
40064032;50036944
40064033;50036944
40064040;50036944
40064041;50036944
40063833;50036944
40065304;50036944
40065305;50036944
40065306;50036944
40074498;50036944
40067764;50036944
40067765;50036944
40067766;50036944
50117434;50036944
40067639;50036944
40064096;50036944
40064036;50036944
50191125;50036944
40065307;50036944
40087483;50036944
40071124;50036944
40071123;50036944
50158107;50043549
50112497;50043549
50152464;50043549
50187027;50043549
50169401;50043549
40067773;50043549
40067778;50043549
40073164;50043549
40071129;50043549
40091305;50043549
40064032;50043549
40064033;50043549
40064040;50043549
40064041;50043549
40063833;50043549
40065304;50043549
40065305;50043549
40065306;50043549
40074498;50043549
40067764;50043549
40067765;50043549
40067766;50043549
50117434;50043549
40067639;50043549
40064096;50043549
40064036;50043549
50191125;50043549
40065307;50043549
40087483;50043549
50078532;50043549
50135007;50043549
40067772;50043549
40071128;50043549
40065309;50043549
40065310;50043549
40067763;50043549
40071124;50043549
50106503;50043549
40083915;50043549
40071122;50043549
40071123;50043549
50280737;50041345
40067637;50041345
40063834;50041345
40068383;50041345
40068384;50041345
50177197;50041345
40067640;50041345
40067641;50041345
40067642;50041345
40073105;50041345
40064027;50041345
40064037;50041345
40064038;50041345
40064039;50041345
50189372;50041345
50295613;50041345
50210052;50041345
40067638;50041345
40064034;50041345
40064035;50041345
40068963;50041345
50072459;50041345
50292839;50041345
40070802;50041345
40073163;50041345
40071663;50041345
40098921;50041345
40071131;50041345
40069123;50041345
50177197;50041342
40067640;50041342
40067641;50041342
40067642;50041342
40073105;50041342
40064027;50041342
40064037;50041342
40064038;50041342
40064039;50041342
40068414;50041342
40068415;50041342
40078492;50041342
40087947;50041342
50280737;50041343
40067637;50041343
40063834;50041343
40068383;50041343
40068384;50041343
50177197;50041343
40067640;50041343
40067641;50041343
40067642;50041343
40073105;50041343
40064027;50041343
40064037;50041343
40064038;50041343
40064039;50041343
40068414;50041343
40068415;50041343
40078492;50041343
40087947;50041343
40068963;50041343
50072459;50041343
50292839;50041343
40070802;50041343
40073163;50041343
40071663;50041343
40098921;50041343
40071131;50041343
40069123;50041343
50158107;50036945
50112497;50036945
50152464;50036945
50187027;50036945
50169401;50036945
40067773;50036945
40067778;50036945
40073164;50036945
40071129;50036945
40091305;50036945
40064032;50036945
40064033;50036945
40064040;50036945
40064041;50036945
40063833;50036945
40065304;50036945
40065305;50036945
40065306;50036945
40074498;50036945
40067764;50036945
40067765;50036945
40067766;50036945
50117434;50036945
40067639;50036945
40064096;50036945
40064036;50036945
50191125;50036945
40065307;50036945
40087483;50036945
50078532;50036945
50135007;50036945
40067772;50036945
40071128;50036945
40065309;50036945
40065310;50036945
40067763;50036945
40071124;50036945
50106503;50036945
40083915;50036945
40071122;50036945
40071123;50036945
40071127;50036945
50158107;50084911
50112497;50084911
50152464;50084911
50187027;50084911
50169401;50084911
40067773;50084911
40067778;50084911
40073164;50084911
40071129;50084911
40091305;50084911
40064032;50084911
40064033;50084911
40064040;50084911
40064041;50084911
40063833;50084911
40065304;50084911
40065305;50084911
40065306;50084911
40074498;50084911
40067764;50084911
40067765;50084911
40067766;50084911
50117434;50084911
40067639;50084911
40064096;50084911
40064036;50084911
50191125;50084911
40065307;50084911
40087483;50084911
50078532;50084911
50135007;50084911
40067772;50084911
40071128;50084911
40065309;50084911
40065310;50084911
40067763;50084911
40071124;50084911
50106503;50084911
40083915;50084911
40071122;50084911
40071123;50084911
40071127;50084911
50173750;50038802
40054017;50038802
40059922;50038802
40059698;50038802
40058388;50038802
40059694;50038802
40059695;50038802
50107295;50038802
40054978;50038802
40056448;50038802
40056449;50038802
40056450;50038802
40056997;50038802
40058212;50038802
40056536;50038802
40059924;50038802
40058098;50038802
40058099;50038802
40058100;50038802
40073102;50038802
40062093;50038802
50142102;50038802
40061377;50038802
40061987;50038802
40067966;50038802
40059614;50038802
40060682;50038802
50284611;50038802
40060842;50038802
40060843;50038802
40062092;50038802
50129190;50038802
40059923;50038802
40063183;50038802
40061988;50038802
40061991;50038802
40061992;50038802
40062736;50038802
40062094;50038802
40062095;50038802
50158107;50045805
50112497;50045805
50152464;50045805
50187027;50045805
50169401;50045805
40067773;50045805
40067778;50045805
40073164;50045805
40071129;50045805
40091305;50045805
40064032;50045805
40064033;50045805
40064040;50045805
40064041;50045805
40063833;50045805
40065304;50045805
40065305;50045805
40065306;50045805
40074498;50045805
40067764;50045805
40067765;50045805
40067766;50045805
50117434;50045805
40067639;50045805
40064096;50045805
40064036;50045805
50191125;50045805
40065307;50045805
40087483;50045805
50078532;50045805
50135007;50045805
40067772;50045805
40071128;50045805
40065309;50045805
40065310;50045805
40067763;50045805
40071124;50045805
50106503;50045805
40083915;50045805
40071122;50045805
40071123;50045805
40071127;50045805
50079096;50048748
50263043;50048748
50072322;50048748
50072324;50048748
50072325;50048748
50132031;50048748
50117249;50048748
50155258;50048748
50183507;50048748
50188276;50048748
40076785;50048748
40081702;50048748
40079995;50048748
40077314;50048748
40073564;50048748
40089492;50048748
40091889;50048748
40091984;50048748
50072328;50048748
40079240;50048748
50117434;50046062
40067639;50046062
40064096;50046062
40064036;50046062
50191125;50046062
40065307;50046062
40087483;50046062
40071124;50046062
50106363;50042922
50136504;50042922
50146640;50042922
50133237;50042922
50128134;50042922
50152926;50042922
50197540;50042922
50087135;50042922
50087136;50042922
40060440;50042922
40060441;50042922
40060442;50042922
40060443;50042922
40060444;50042922
40060445;50042922
40068887;50042922
40068888;50042922
40068890;50042922
40068893;50042922
40063526;50042922
40066996;50042922
40066997;50042922
40061378;50042922
40061379;50042922
40064207;50042922
40064208;50042922
40068882;50042922
40062181;50042922
50158107;50041747
50112497;50041747
50152464;50041747
50187027;50041747
50169401;50041747
40067773;50041747
40067778;50041747
40073164;50041747
40071129;50041747
40091305;50041747
40064032;50041747
40064033;50041747
40064040;50041747
40064041;50041747
40063833;50041747
40065304;50041747
40065305;50041747
40065306;50041747
40074498;50041747
40067764;50041747
40067765;50041747
40067766;50041747
50117434;50041747
40067639;50041747
40064096;50041747
40064036;50041747
50191125;50041747
40065307;50041747
40087483;50041747
50078532;50041747
50135007;50041747
40067772;50041747
40071128;50041747
40065309;50041747
40065310;50041747
40067763;50041747
40071124;50041747
50106503;50041747
40083915;50041747
40071122;50041747
40071123;50041747
40071127;50041747
50098301;50042829
50100731;50042829
50115785;50042829
50084221;50042829
50084222;50042829
50130884;50042829
50147769;50042829
50184262;50042829
50475885;50042829
50470172;50042829
50139435;50042829
50161411;50042829
50166327;50042829
50170859;50042829
50079570;50042829
40096009;50042829
40078460;50042829
40064402;50042829
40073165;50042829
40079047;50042829
40064793;50042829
40073169;50042829
40073170;50042829
40073171;50042829
40073172;50042829
40073311;50042829
40069622;50042829
40069623;50042829
40069624;50042829
40073798;50042829
40085199;50042829
40081226;50042829
40093887;50042829
40091311;50042829
40069119;50042829
40069120;50042829
40063836;50042829
40063837;50042829
40071472;50042829
40074310;50042829
40067767;50042829
40067768;50042829
40067769;50042829
50209711;50001415
50144701;50001415
50150662;50001415
50190684;50001415
50171055;50001415
40009674;50001415
40009690;50001415
40009919;50001415
40009920;50001415
40009658;50001415
40009659;50001415
40009660;50001415
40057073;50001415
40057074;50001415
40057075;50001415
40059972;50001415
40057274;50001415
40057275;50001415
40057277;50001415
40057278;50001415
40055207;50001415
40055208;50001415
40057279;50001415
40057540;50001415
40057541;50001415
40060076;50001415
40060077;50001415
40057039;50001415
40057040;50001415
40057041;50001415
40057042;50001415
40061060;50001415
40055264;50001415
40056056;50001415
40057056;50001415
40057057;50001415
40057058;50001415
40055423;50001415
40047805;50001415
40047806;50001415
40059932;50001415
40056329;50001415
40054036;50001415
40061862;50001415
40058392;50001415
40060539;50001415
40057666;50001415
40063017;50001415
50173750;50014517
40054017;50014517
40059922;50014517
40059698;50014517
40058388;50014517
40059694;50014517
40059695;50014517
50107295;50014517
40054978;50014517
40056448;50014517
40056449;50014517
40056450;50014517
40056997;50014517
40058212;50014517
40056536;50014517
40059924;50014517
40058098;50014517
40058099;50014517
40058100;50014517
40073102;50014517
40062093;50014517
40060682;50014517
50284611;50014517
40060842;50014517
40060843;50014517
40062092;50014517
50173750;50014291
40054017;50014291
40059922;50014291
40059698;50014291
40058388;50014291
40059694;50014291
40059695;50014291
50107295;50014291
40054978;50014291
40056448;50014291
40056449;50014291
40056450;50014291
40056997;50014291
40058212;50014291
40056536;50014291
40059924;50014291
40058098;50014291
40058099;50014291
40058100;50014291
40073102;50014291
40062093;50014291
50142102;50014291
40061377;50014291
40061987;50014291
40067966;50014291
40059614;50014291
40060682;50014291
50284611;50014291
40060842;50014291
40060843;50014291
40062092;50014291
50129190;50014291
40059923;50014291
40063183;50014291
40061988;50014291
40061991;50014291
40061992;50014291
40062736;50014291
40062094;50014291
40062095;50014291
50173750;50014292
40054017;50014292
40059922;50014292
40059698;50014292
40058388;50014292
40059694;50014292
40059695;50014292
50107295;50014292
40054978;50014292
40056448;50014292
40056449;50014292
40056450;50014292
40056997;50014292
40058212;50014292
40056536;50014292
40059924;50014292
40058098;50014292
40058099;50014292
40058100;50014292
40073102;50014292
40062093;50014292
50142102;50014292
40061377;50014292
40061987;50014292
40067966;50014292
40059614;50014292
40060682;50014292
50284611;50014292
40060842;50014292
40060843;50014292
40062092;50014292
50129190;50014292
40059923;50014292
40063183;50014292
40061988;50014292
40061991;50014292
40061992;50014292
40062736;50014292
40062094;50014292
40062095;50014292
50209711;50009064
50144701;50009064
50150662;50009064
50190684;50009064
50171055;50009064
40009674;50009064
40009690;50009064
40009919;50009064
40009920;50009064
40009658;50009064
40009659;50009064
40009660;50009064
40057073;50009064
40057074;50009064
40057075;50009064
40059972;50009064
40057274;50009064
40057275;50009064
40057277;50009064
40057278;50009064
40055207;50009064
40055208;50009064
40057279;50009064
40057540;50009064
40057541;50009064
40060076;50009064
40060077;50009064
40057039;50009064
40057040;50009064
40057041;50009064
40057042;50009064
40061060;50009064
40055264;50009064
40056056;50009064
40057056;50009064
40057057;50009064
40057058;50009064
40055423;50009064
40047805;50009064
40047806;50009064
40059932;50009064
40056329;50009064
40054036;50009064
40061862;50009064
40058392;50009064
40060539;50009064
40057666;50009064
40063017;50009064
50173750;50012263
40054017;50012263
40059922;50012263
40059698;50012263
40058388;50012263
40059694;50012263
40059695;50012263
50173750;50013800
40054017;50013800
40059922;50013800
40059698;50013800
40058388;50013800
40059694;50013800
40059695;50013800
50107295;50013800
40054978;50013800
40056448;50013800
40056449;50013800
40056450;50013800
40056997;50013800
40058212;50013800
40056536;50013800
40059924;50013800
40058098;50013800
40058099;50013800
40058100;50013800
40073102;50013800
40062093;50013800
40060682;50013800
50284611;50013800
40060842;50013800
40060843;50013800
40062092;50013800
50173750;50013801
40054017;50013801
40059922;50013801
40059698;50013801
40058388;50013801
40059694;50013801
40059695;50013801
50107295;50013801
40054978;50013801
40056448;50013801
40056449;50013801
40056450;50013801
40056997;50013801
40058212;50013801
40056536;50013801
40059924;50013801
40058098;50013801
40058099;50013801
40058100;50013801
40073102;50013801
40062093;50013801
40060682;50013801
50284611;50013801
40060842;50013801
40060843;50013801
40062092;50013801
50173750;50013796
40054017;50013796
40059922;50013796
40059698;50013796
40058388;50013796
40059694;50013796
40059695;50013796
50107295;50013796
40054978;50013796
40056448;50013796
40056449;50013796
40056450;50013796
40056997;50013796
40058212;50013796
40056536;50013796
40059924;50013796
40058098;50013796
40058099;50013796
40058100;50013796
40073102;50013796
40062093;50013796
40060682;50013796
50284611;50013796
40060842;50013796
40060843;50013796
40062092;50013796
50129190;50013796
40059923;50013796
40063183;50013796
40061988;50013796
40061991;50013796
40061992;50013796
40062736;50013796
40062094;50013796
40062095;50013796
50173750;50013797
40054017;50013797
40059922;50013797
40059698;50013797
40058388;50013797
40059694;50013797
40059695;50013797
50107295;50013797
40054978;50013797
40056448;50013797
40056449;50013797
40056450;50013797
40056997;50013797
40058212;50013797
40056536;50013797
40059924;50013797
40058098;50013797
40058099;50013797
40058100;50013797
40073102;50013797
40062093;50013797
50142102;50013797
40061377;50013797
40061987;50013797
40067966;50013797
40059614;50013797
40060682;50013797
50284611;50013797
40060842;50013797
40060843;50013797
40062092;50013797
50129190;50013797
40059923;50013797
40063183;50013797
40061988;50013797
40061991;50013797
40061992;50013797
40062736;50013797
40062094;50013797
40062095;50013797
50173750;50013798
40054017;50013798
40059922;50013798
40059698;50013798
40058388;50013798
40059694;50013798
40059695;50013798
50107295;50013798
40054978;50013798
40056448;50013798
40056449;50013798
40056450;50013798
40056997;50013798
40058212;50013798
40056536;50013798
40059924;50013798
40058098;50013798
40058099;50013798
40058100;50013798
40073102;50013798
40062093;50013798
50142102;50013798
40061377;50013798
40061987;50013798
40067966;50013798
40059614;50013798
40060682;50013798
50284611;50013798
40060842;50013798
40060843;50013798
40062092;50013798
50129190;50013798
40059923;50013798
40063183;50013798
40061988;50013798
40061991;50013798
40061992;50013798
40062736;50013798
40062094;50013798
40062095;50013798
50173750;50014293
40054017;50014293
40059922;50014293
40059698;50014293
40058388;50014293
40059694;50014293
40059695;50014293
50107295;50014293
40054978;50014293
40056448;50014293
40056449;50014293
40056450;50014293
40056997;50014293
40058212;50014293
40056536;50014293
40059924;50014293
40058098;50014293
40058099;50014293
40058100;50014293
40073102;50014293
40062093;50014293
50142102;50014293
40061377;50014293
40061987;50014293
40067966;50014293
40059614;50014293
40060682;50014293
50284611;50014293
40060842;50014293
40060843;50014293
40062092;50014293
50129190;50014293
40059923;50014293
40063183;50014293
40061988;50014293
40061991;50014293
40061992;50014293
40062736;50014293
40062094;50014293
40062095;50014293
50173750;50014294
40054017;50014294
40059922;50014294
40059698;50014294
40058388;50014294
40059694;50014294
40059695;50014294
50107295;50014294
40054978;50014294
40056448;50014294
40056449;50014294
40056450;50014294
40056997;50014294
40058212;50014294
40056536;50014294
40059924;50014294
40058098;50014294
40058099;50014294
40058100;50014294
40073102;50014294
40062093;50014294
40060682;50014294
50284611;50014294
40060842;50014294
40060843;50014294
40062092;50014294
50129190;50014294
40059923;50014294
40063183;50014294
40061988;50014294
40061991;50014294
40061992;50014294
40062736;50014294
40062094;50014294
40062095;50014294
50173750;50013799
40054017;50013799
40059922;50013799
40059698;50013799
40058388;50013799
40059694;50013799
40059695;50013799
50107295;50013799
40054978;50013799
40056448;50013799
40056449;50013799
40056450;50013799
40056997;50013799
40058212;50013799
40056536;50013799
40059924;50013799
40058098;50013799
40058099;50013799
40058100;50013799
40073102;50013799
40062093;50013799
50142102;50013799
40061377;50013799
40061987;50013799
40067966;50013799
40059614;50013799
40060682;50013799
50284611;50013799
40060842;50013799
40060843;50013799
40062092;50013799
50129190;50013799
40059923;50013799
40063183;50013799
40061988;50013799
40061991;50013799
40061992;50013799
40062736;50013799
40062094;50013799
40062095;50013799
